<da-dump>
   <section name="SYSTEM INFORMATION">
      <property name="Available processors">4</property>
      <property name="Max Memory">1888485376 bytes</property>
      <property name="Free Memory">122794304 bytes</property>
      <property name="Total Memory">128974848 bytes</property>
   </section><!--SYSTEM INFORMATION-->
   <section name="ENVIRONMENT SETTINGS">
      <property name="USERDOMAIN_ROAMINGPROFILE">EXPERIAN</property>
      <property name="LOCALAPPDATA">C:\Users\e10934a\AppData\Local</property>
      <property name="PROCESSOR_LEVEL">6</property>
      <property name="USERDOMAIN">EXPERIAN</property>
      <property name="FPS_BROWSER_APP_PROFILE_STRING">Internet Explorer</property>
      <property name="LOGONSERVER">\\BOGEXDC1</property>
      <property name="SESSIONNAME">Console</property>
      <property name="ALLUSERSPROFILE">C:\ProgramData</property>
      <property name="PROCESSOR_ARCHITECTURE">AMD64</property>
      <property name="PSModulePath">C:\Program Files\WindowsPowerShell\Modules;C:\Windows\system32\WindowsPowerShell\v1.0\Modules</property>
      <property name="SystemDrive">C:</property>
      <property name="DEFLOGDIR">C:\ProgramData\McAfee\Endpoint Security\Logs</property>
      <property name="OneDrive">C:\Users\e10934a\OneDrive</property>
      <property name="APPDATA">C:\Users\e10934a\AppData\Roaming</property>
      <property name="USERNAME">e10934a</property>
      <property name="USERDNSDOMAIN">ENA.US.EXPERIAN.LOCAL</property>
      <property name="ProgramFiles(x86)">C:\Program Files (x86)</property>
      <property name="CommonProgramFiles">C:\Program Files\Common Files</property>
      <property name="Path">C:\Program Files (x86)\Common Files\Oracle\Java\javapath;C:\Windows\system32;C:\Windows;C:\Windows\System32\Wbem;C:\Windows\System32\WindowsPowerShell\v1.0\;C:\Users\e10934a\AppData\Local\Microsoft\WindowsApps;</property>
      <property name="FPS_BROWSER_USER_PROFILE_STRING">Default</property>
      <property name="PATHEXT">.COM;.EXE;.BAT;.CMD;.VBS;.VBE;.JS;.JSE;.WSF;.WSH;.MSC</property>
      <property name="OS">Windows_NT</property>
      <property name="COMPUTERNAME">LARBSCX93N12</property>
      <property name="PROCESSOR_REVISION">3c03</property>
      <property name="CommonProgramW6432">C:\Program Files\Common Files</property>
      <property name="ComSpec">C:\Windows\system32\cmd.exe</property>
      <property name="ProgramData">C:\ProgramData</property>
      <property name="ProgramW6432">C:\Program Files</property>
      <property name="HOMEPATH">\Users\e10934a</property>
      <property name="SystemRoot">C:\Windows</property>
      <property name="TEMP">C:\Users\e10934a\AppData\Local\Temp</property>
      <property name="HOMEDRIVE">C:</property>
      <property name="PROCESSOR_IDENTIFIER">Intel64 Family 6 Model 60 Stepping 3, GenuineIntel</property>
      <property name="USERPROFILE">C:\Users\e10934a</property>
      <property name="TMP">C:\Users\e10934a\AppData\Local\Temp</property>
      <property name="CommonProgramFiles(x86)">C:\Program Files (x86)\Common Files</property>
      <property name="ProgramFiles">C:\Program Files</property>
      <property name="PUBLIC">C:\Users\Public</property>
      <property name="NUMBER_OF_PROCESSORS">4</property>
      <property name="windir">C:\Windows</property>
      <property name="=::">::\</property>
   </section><!--ENVIRONMENT SETTINGS-->
   <section name="SYSTEM PROPERTIES">
      <property name="java.runtime.name">Java(TM) SE Runtime Environment</property>
      <property name="sun.boot.library.path">C:\Program Files\Java\jdk1.8.0_181\jre\bin</property>
      <property name="java.vm.version">25.181-b13</property>
      <property name="java.vm.vendor">Oracle Corporation</property>
      <property name="java.vendor.url">http://java.oracle.com/</property>
      <property name="path.separator">;</property>
      <property name="java.vm.name">Java HotSpot(TM) 64-Bit Server VM</property>
      <property name="file.encoding.pkg">sun.io</property>
      <property name="user.script"></property>
      <property name="user.country">AR</property>
      <property name="sun.os.patch.level"></property>
      <property name="sun.java.launcher">SUN_STANDARD</property>
      <property name="user.dir">C:\Users\e10934a\Documents\NetBeansProjects\JavaObj</property>
      <property name="java.vm.specification.name">Java Virtual Machine Specification</property>
      <property name="java.runtime.version">1.8.0_181-b13</property>
      <property name="java.awt.graphicsenv">sun.awt.Win32GraphicsEnvironment</property>
      <property name="java.endorsed.dirs">C:\Program Files\Java\jdk1.8.0_181\jre\lib\endorsed</property>
      <property name="os.arch">amd64</property>
      <property name="java.io.tmpdir">C:\Users\e10934a\AppData\Local\Temp\</property>
      <property name="line.separator">&#13;
</property>
      <property name="java.vm.specification.vendor">Oracle Corporation</property>
      <property name="user.variant"></property>
      <property name="os.name">Windows 10</property>
      <property name="sun.jnu.encoding">Cp1252</property>
      <property name="java.library.path">C:\Program Files\Java\jdk1.8.0_181\bin;C:\Windows\Sun\Java\bin;C:\Windows\system32;C:\Windows;C:\Program Files (x86)\Common Files\Oracle\Java\javapath;C:\Windows\system32;C:\Windows;C:\Windows\System32\Wbem;C:\Windows\System32\WindowsPowerShell\v1.0\;C:\Users\e10934a\AppData\Local\Microsoft\WindowsApps;;.</property>
      <property name="java.specification.name">Java Platform API Specification</property>
      <property name="java.class.version">52.0</property>
      <property name="sun.management.compiler">HotSpot 64-Bit Tiered Compilers</property>
      <property name="os.version">10.0</property>
      <property name="user.home">C:\Users\e10934a</property>
      <property name="user.timezone">America/Buenos_Aires</property>
      <property name="java.awt.printerjob">sun.awt.windows.WPrinterJob</property>
      <property name="file.encoding">UTF-8</property>
      <property name="java.specification.version">1.8</property>
      <property name="user.name">e10934a</property>
      <property name="java.class.path">C:\Users\e10934a\Desktop\IntegracionJavaOBJECT\Export Test Java\libTestJava;C:\da-distribution-2.8-2.9.22.72-18R1\lib\log-bridge-1.0.jar;C:\da-distribution-2.8-2.9.22.72-18R1\lib\log4j-1.2.14.jar;C:\Users\e10934a\Desktop\IntegracionJavaOBJECT\Export Test Java\DAOld\DA.jar;C:\Users\e10934a\Documents\NetBeansProjects\JavaObj\build\classes</property>
      <property name="java.vm.specification.version">1.8</property>
      <property name="sun.java.command">com.company.javaobj.DACall</property>
      <property name="sun.arch.data.model">64</property>
      <property name="java.home">C:\Program Files\Java\jdk1.8.0_181\jre</property>
      <property name="user.language">es</property>
      <property name="java.specification.vendor">Oracle Corporation</property>
      <property name="awt.toolkit">sun.awt.windows.WToolkit</property>
      <property name="java.vm.info">mixed mode</property>
      <property name="java.version">1.8.0_181</property>
      <property name="java.ext.dirs">C:\Program Files\Java\jdk1.8.0_181\jre\lib\ext;C:\Windows\Sun\Java\lib\ext</property>
      <property name="sun.boot.class.path">C:\Program Files\Java\jdk1.8.0_181\jre\lib\resources.jar;C:\Program Files\Java\jdk1.8.0_181\jre\lib\rt.jar;C:\Program Files\Java\jdk1.8.0_181\jre\lib\sunrsasign.jar;C:\Program Files\Java\jdk1.8.0_181\jre\lib\jsse.jar;C:\Program Files\Java\jdk1.8.0_181\jre\lib\jce.jar;C:\Program Files\Java\jdk1.8.0_181\jre\lib\charsets.jar;C:\Program Files\Java\jdk1.8.0_181\jre\lib\jfr.jar;C:\Program Files\Java\jdk1.8.0_181\jre\classes</property>
      <property name="java.vendor">Oracle Corporation</property>
      <property name="file.separator">\</property>
      <property name="java.vendor.url.bug">http://bugreport.sun.com/bugreport/</property>
      <property name="sun.io.unicode.encoding">UnicodeLittle</property>
      <property name="sun.cpu.endian">little</property>
      <property name="sun.desktop">windows</property>
      <property name="sun.cpu.isalist">amd64</property>
   </section><!--SYSTEM PROPERTIES-->
   <section name="THREAD">
      <property name="Active thread count">1</property>
      <property name="Total thread count">5</property>
      <section name="STACK TRACES">
         <group name="STACK TRACE">
            <property name="Thread name">[Finalizer]</property>
            <property name="Stack trace">java.lang.Object.wait(Native Method)&#13;
java.lang.ref.ReferenceQueue.remove(ReferenceQueue.java:144)&#13;
java.lang.ref.ReferenceQueue.remove(ReferenceQueue.java:165)&#13;
java.lang.ref.Finalizer$FinalizerThread.run(Finalizer.java:216)&#13;
</property>
         </group><!--STACK TRACE-->
         <group name="STACK TRACE">
            <property name="Thread name">[Reference Handler]</property>
            <property name="Stack trace">java.lang.Object.wait(Native Method)&#13;
java.lang.Object.wait(Object.java:502)&#13;
java.lang.ref.Reference.tryHandlePending(Reference.java:191)&#13;
java.lang.ref.Reference$ReferenceHandler.run(Reference.java:153)&#13;
</property>
         </group><!--STACK TRACE-->
         <group name="STACK TRACE">
            <property name="Thread name">[Signal Dispatcher]</property>
            <property name="Stack trace">&#13;
</property>
         </group><!--STACK TRACE-->
         <group name="STACK TRACE">
            <property name="Thread name">[main]</property>
            <property name="Stack trace">java.lang.Thread.dumpThreads(Native Method)&#13;
java.lang.Thread.getAllStackTraces(Thread.java:1610)&#13;
com.experian.eda.framework.runtime.decisionagent.sysinfo.JVMDump.dumpThread(JVMDump.java:127)&#13;
com.experian.eda.framework.runtime.decisionagent.sysinfo.JVMDump.dump(JVMDump.java:35)&#13;
com.experian.eda.framework.runtime.decisionagent.sysinfo.SystemInformation.dumpJVM(SystemInformation.java:201)&#13;
com.experian.eda.framework.runtime.decisionagent.sysinfo.SystemInformation.dump(SystemInformation.java:138)&#13;
com.experian.eda.framework.runtime.decisionagent.sysinfo.SystemInformation.dump(SystemInformation.java:172)&#13;
com.experian.eda.component.decisionagent.BaseJSEM.execute(BaseJSEM.java:347)&#13;
com.experian.eda.component.decisionagent.AJSEM.execute(AJSEM.java:84)&#13;
com.experian.eda.component.decisionagent.JSEMObjectInterfaceHelper.execute(JSEMObjectInterfaceHelper.java:32)&#13;
com.experian.eda.component.decisionagent.JSEMObjectInterface.execute(JSEMObjectInterface.java:65)&#13;
com.experian.eda.component.decisionagent.JSEMObjectInterface.execute(JSEMObjectInterface.java:53)&#13;
com.experian.stratman.decisionagent.business.JSEMObjectInterface.execute(JSEMObjectInterface.java:45)&#13;
com.company.javaobj.DACall.performCall(DACall.java:160)&#13;
com.company.javaobj.DACall.main(DACall.java:51)&#13;
</property>
         </group><!--STACK TRACE-->
         <group name="STACK TRACE">
            <property name="Thread name">[Attach Listener]</property>
            <property name="Stack trace">&#13;
</property>
         </group><!--STACK TRACE-->
      </section><!--STACK TRACES-->
   </section><!--THREAD-->
   <section name="LIBRARIES">
      <group name="LIBRARY">
         <property name="filename">C:\da-distribution-2.8-2.9.22.72-18R1\lib\log-bridge-1.0.jar</property>
         <property name="version"></property>
      </group><!--LIBRARY-->
      <group name="LIBRARY">
         <property name="filename">C:\da-distribution-2.8-2.9.22.72-18R1\lib\log4j-1.2.14.jar</property>
         <property name="version"></property>
      </group><!--LIBRARY-->
      <group name="LIBRARY">
         <property name="filename">C:\Users\e10934a\Desktop\IntegracionJavaOBJECT\Export Test Java\DAOld\DA.jar</property>
         <property name="version">2.6.1.18 2017-03-09</property>
      </group><!--LIBRARY-->
   </section><!--LIBRARIES-->
</da-dump>
